Status,Text
ad,"Our high-performance gaming laptop offers the ultimate gaming experience."
ad,"Upgrade your kitchen with our range of state-of-the-art stainless steel appliances."
ad,"Capture perfect shots every time with our professional-grade camera equipment."
ad,"Unleash your creativity using our vibrant and diverse range of art supplies."
ad,"Stay connected seamlessly with our reliable and powerful mobile network."
ad,"Achieve your fitness goals with our cutting-edge and innovative exercise equipment."
ad,"Indulge in luxury with our exquisite collection of designer handbags and accessories."
ad,"Transform your living space into a cozy haven with our premium home decor items."
ad,"Boost your productivity with our intuitive and user-friendly software solutions."
ad,"Immerse yourself in a virtual world with our immersive and high-quality VR headset."
ad,"Savor the taste of luxury with our artisanal collection of fine chocolates."
ad,"Revitalize your skin with our nourishing and rejuvenating range of skincare products."
ad,"Keep your home safe and secure with our advanced and reliable security systems."
ad,"Elevate your audio experience with our high-fidelity and top-notch headphones."
ad,"Find your perfect style with our extensive and fashionable footwear collection."
ad,"Embrace the outdoors with our durable and weather-resistant camping gear and equipment."
ad,"Stay organized and stylish with our sleek and functional range of backpacks."
ad,"Elevate your cooking skills with our premium chef's knives and high-quality cookware."
ad,"Make a fashion statement with our trendy and chic clothing line for all occasions."
ad,"Capture memorable moments with our top-of-the-line digital cameras and accessories."
ad,"Dive into a world of entertainment with our immersive and cutting-edge home theater systems."
ad,"Get the best night's sleep with our luxurious and comfortable range of mattresses."
ad,"Make a bold fashion statement with our unique and eye-catching accessories and jewelry."
ad,"Take your gaming to new heights with our high-performance gaming consoles and accessories."
ad,"Stay fit and healthy with our comprehensive range of vitamins, supplements, and fitness products."
ad,"Create a relaxing ambiance in your home with our soothing and aromatic scented candles."
ad,"Stay connected on the go with our sleek and portable range of tablet devices."
ad,"Express your style with our extensive collection of trendy and fashionable jewelry pieces."
ad,"Unleash your inner artist with our premium quality drawing and painting supplies and tools."
ad,"Keep your clothes looking fresh and new with our advanced and efficient laundry appliances."
ad,"Take control of your finances with our intuitive and feature-packed budgeting software solutions."
ad,"Find the perfect gift for your loved ones from our carefully curated selection of unique items."
ad,"Discover the taste of luxury with our gourmet selection of fine wines, spirits, and delicacies."
ad,"Experience the thrill of driving with our high-performance sports car collection and accessories."
ad,"Achieve salon-quality hair at home with our professional-grade hair care products and tools."
ad,"Stay hydrated on the go with our sleek, leak-proof, and eco-friendly water bottles."
ad,"Boost your energy levels naturally with our all-natural and organic energy supplements."
ad,"Enjoy your favorite music wirelessly with our cutting-edge Bluetooth speakers and audio devices."
ad,"Keep your home clean and tidy effortlessly with our powerful and efficient vacuum cleaners."
ad,"Stay protected from the elements with our durable, stylish, and weatherproof outdoor clothing."
ad,"Transform your backyard into a cozy oasis with our stylish and comfortable outdoor furniture."
ad,"Discover the joy of cooking with our comprehensive collection of gourmet recipes and ingredients."
ad,"Get the perfect fit with our wide range of sizes and styles in clothing for all body types."
ad,"Experience the thrill of adventure with our adrenaline-pumping and thrilling outdoor activities."
ad,"Enhance your gaming experience with our ergonomic and responsive gaming mouse and keyboards."
ad,"Embrace your inner chef with our versatile and easy-to-use kitchen gadgets and appliances."
ad,"Explore the world with our lightweight, durable, and travel-friendly range of luggage."
ad,"Transform your ordinary photos into extraordinary works of art with our powerful photo editing software."
ad,"Stay organized and productive with our stylish and functional range of office supplies and accessories."
ad,"Experience the joy of reading with our extensive collection of best-selling books in various genres."
ad,"Make a statement with our bold and vibrant collection of designer eyewear and sunglasses."
ad,"Keep your home cool and comfortable with our energy-efficient and state-of-the-art air conditioning systems."
ad,"Elevate your workouts with our premium quality workout apparel, shoes, and fitness accessories."
ad,"Immerse yourself in your favorite games with our high-definition gaming monitors and displays."
ad,"Indulge in luxury with our decadent collection of gourmet chocolates, truffles, and confections."
ad,"Achieve professional-quality prints with our high-performance photo printers and accessories."
ad,"Stay protected from the sun's harmful rays with our wide range of effective and long-lasting sunscreen products."
ad,"Create a spa-like experience at home with our luxurious bath and body products and pampering essentials."
ad,"Get the perfect shave every time with our precision-engineered razors, shaving creams, and grooming kits."
ad,"Upgrade your home entertainment system with our cutting-edge soundbars, subwoofers, and surround sound speakers."
ad,"Transform your backyard into a playground with our fun and interactive range of outdoor toys and games."
ad,"Stay connected with your loved ones effortlessly with our reliable and easy-to-use smartphones and communication devices."
ad,"Discover the world of virtual reality gaming with our immersive VR gaming headsets and accessories."
ad,"Keep your pet happy and healthy with our nutritious and flavorful range of pet food and treats."
ad,"Find the perfect piece of art for your home from our curated collection of paintings, sculptures, and artwork."
ad,"Enjoy the convenience of wireless charging with our sleek and stylish range of charging pads and docking stations."
ad,"Enhance your workout routine with our high-performance fitness trackers, smartwatches, and activity monitors."
ad,"Experience the joy of baking with our top-quality baking ingredients, bakeware, and baking tools."
ad,"Keep your car looking brand new with our advanced car care products, detailing kits, and accessories."
ad,"Stay stylish and protected with our fashionable and UV-resistant range of sunglasses and eyewear."
ad,"Make a bold statement with our collection of unique and artistic home decor, wall art, and decorative accessories."
ad,"Achieve salon-worthy results at home with our professional-grade hair styling tools and hair care products."
ad,"Stay organized on the go with our functional and stylish range of travel accessories, bags, and organizers."
ad,"Experience the thrill of the big screen at home with our high-resolution projectors and home theater systems."
ad,"Keep your skin healthy and glowing with our range of natural and organic skincare products and treatments."
ad,"Create a cozy atmosphere in your home with our collection of scented candles, diffusers, and home fragrances."
ad,"Upgrade your gaming setup with our high-performance gaming keyboards, gaming chairs, and gaming accessories."
ad,"Transform your backyard into a haven with our luxurious outdoor furniture, patio sets, and loungers."
ad,"Stay refreshed and energized with our wide range of delicious and nutritious beverages, smoothies, and juices."
ad,"Discover the perfect fragrance that suits your personality from our exclusive collection of perfumes and colognes."
ad,"Get the perfect fit for your workout routine with our range of supportive and comfortable activewear and sports gear."
ad,"Take your photography skills to the next level with our professional-grade camera lenses and photography equipment."
ad,"Keep your home clean and fresh with our eco-friendly and effective cleaning products, detergents, and supplies."
ad,"Indulge in ultimate comfort with our plush and luxurious bedding sets, pillows, and mattress toppers."
ad,"Achieve salon-worthy nails at home with our high-quality nail care products, polishes, and manicure kits."
ad,"Stay entertained during long trips with our portable and feature-packed DVD players, portable gaming consoles, and e-readers."
ad,"Discover the wonders of the universe with our powerful and user-friendly telescopes and astronomical equipment."
ad,"Get the perfect brew every morning with our premium coffee makers, espresso machines, and coffee accessories."
ad,"Keep your teeth healthy and white with our advanced oral care products, electric toothbrushes, and whitening kits."
ad,"Upgrade your workspace with our ergonomic and stylish office furniture, desks, chairs, and storage solutions."
ad,"Stay organized in style with our fashionable and functional range of handbags, wallets, and organizers."
ad,"Experience the thrill of high-speed gaming with our ultra-responsive gaming controllers and gaming accessories."
ad,"Transform your bathroom into a spa-like retreat with our luxurious bath and body products, bath towels, and robes."
ad,"Keep your home secure with our state-of-the-art home security cameras, alarms, and surveillance systems."
ad,"Discover the magic of virtual reality gaming with our immersive VR gaming headsets and gaming experiences."
ad,"Find the perfect gift for any occasion from our carefully selected and unique range of gift items and personalized options."
ad,"Enhance your culinary skills with our premium quality cookbooks, recipes, and kitchen utensils."
ad,"Stay active and motivated with our innovative fitness apps, workout plans, and wearable fitness devices."
ad,"Experience the ultimate relaxation with our luxurious massage chairs, spa equipment, and aromatherapy products."
ad,"Keep your devices powered up on the go with our portable and efficient power banks and chargers."
ad,"Our high-performance gaming laptop delivers the ultimate gaming experience, surpassing all expectations."
ad,"Upgrade your kitchen to a whole new level of excellence with our state-of-the-art stainless steel appliances."
ad,"Capture every moment perfectly with our professional-grade camera equipment, designed for precision and clarity."
ad,"Unleash your creativity with our diverse range of art supplies, allowing you to express yourself freely."
ad,"Stay connected seamlessly with our powerful and reliable mobile network, ensuring you're always in touch."
ad,"Achieve your fitness goals faster with our cutting-edge exercise equipment, engineered for maximum results."
ad,"Indulge in luxury and sophistication with our exquisite collection of designer handbags and accessories."
ad,"Transform your living space into a haven of elegance with our premium home decor items, reflecting your style."
ad,"Boost your productivity with our intuitive and user-friendly software solutions, simplifying complex tasks."
ad,"Immerse yourself in a world of virtual reality with our high-quality VR headset, offering unparalleled immersion."
ad,"Savor the taste of luxury with our artisanal collection of fine chocolates, handcrafted for pure indulgence."
ad,"Revitalize your skin and defy aging with our nourishing and rejuvenating skincare products, for a youthful glow."
ad,"Keep your home safe and secure with our advanced security systems, providing peace of mind at all times."
ad,"Elevate your audio experience with our high-fidelity headphones, delivering rich sound and unparalleled clarity."
ad,"Find your perfect style with our extensive footwear collection, designed to cater to diverse tastes and preferences."
ad,"Embrace the outdoors with confidence using our durable and weather-resistant camping gear and equipment."
ad,"Stay organized and stylish with our sleek and functional backpacks, designed for modern-day adventurers."
ad,"Elevate your cooking skills with our premium chef's knives and high-quality cookware, for culinary excellence."
ad,"Make a fashion statement with our trendy and chic clothing line, tailored to suit all occasions and personalities."
ad,"Capture memorable moments with our top-of-the-line digital cameras and accessories, preserving precious memories."
ad,"Dive into a world of entertainment with our immersive home theater systems, delivering cinematic experiences at home."
ad,"Get the best night's sleep with our luxurious and comfortable mattresses, providing restful nights and rejuvenation."
ad,"Make a bold fashion statement with our unique and eye-catching accessories and jewelry, expressing your individuality."
ad,"Take your gaming to new heights with our high-performance gaming consoles and accessories, for unmatched excitement."
ad,"Stay fit and healthy with our comprehensive range of vitamins, supplements, and fitness products, promoting wellness."
ad,"Create a relaxing ambiance in your home with our soothing scented candles, diffusers, and aromatic oils."
ad,"Stay connected on the go with our sleek and portable tablet devices, ensuring productivity wherever you are."
ad,"Express your style with our extensive collection of trendy and fashionable jewelry pieces, for personalized elegance."
ad,"Unleash your inner artist with our premium quality drawing and painting supplies, unlocking your creativity."
ad,"Keep your clothes looking fresh and new with our advanced and efficient laundry appliances, simplifying chores."
ad,"Take control of your finances with our intuitive and feature-packed budgeting software solutions, managing expenses effortlessly."
ad,"Find the perfect gift for your loved ones from our carefully curated selection of unique items, making every occasion special."
ad,"Discover the taste of luxury with our gourmet selection of fine wines, spirits, and delicacies, indulging your palate."
ad,"Experience the thrill of driving with our high-performance sports car collection and accessories, fueling your passion."
ad,"Achieve salon-worthy hair at home with our professional-grade hair care products and styling tools, for flawless locks."
ad,"Stay hydrated on the go with our sleek, leak-proof, and eco-friendly water bottles, promoting a healthy lifestyle."
ad,"Boost your energy levels naturally with our all-natural and organic energy supplements, revitalizing your body and mind."
ad,"Enjoy your favorite music wirelessly with our cutting-edge Bluetooth speakers and audio devices, for immersive sound experiences."
ad,"Keep your home clean and tidy effortlessly with our powerful and efficient vacuum cleaners, simplifying housekeeping."
ad,"Stay protected from the elements with our durable, stylish, and weatherproof outdoor clothing, for active lifestyles."
ad,"Transform your backyard into a cozy oasis with our stylish and comfortable outdoor furniture, creating a serene retreat."
ad,"Discover the joy of cooking with our comprehensive collection of gourmet recipes and high-quality ingredients, mastering culinary art."
ad,"Get the perfect fit with our wide range of sizes and styles in clothing, catering to all body types and fashion preferences."
ad,"Experience the thrill of adventure with our adrenaline-pumping and exhilarating outdoor activities, exploring new horizons."
ad,"Enhance your gaming experience with our ergonomic and responsive gaming mouse and keyboards, for optimal control and precision."
ad,"Embrace your inner chef with our versatile and easy-to-use kitchen gadgets and appliances, simplifying meal preparation."
ad,"Explore the world with our lightweight, durable, and travel-friendly range of luggage, accompanying you on memorable journeys."
ad,"Transform your ordinary photos into extraordinary works of art with our powerful photo editing software, unlocking your creativity."
ad,"Stay organized and productive with our stylish and functional range of office supplies and accessories, for efficient workflow."
ad,"Experience the joy of reading with our extensive collection of best-selling books in various genres, fueling your imagination."